{"returned_dict": {"loss": 0.11446087937775161, "r2": 0.6605316073478771, "status": "ok", "start_time": 1730636224.9567716, "duration": 274.2517898082733}, "current_params": {"N": 50, "input_scaling": 1.0, "lr": 0.0017588986916506517, "ridge": 9.394742674263517, "seed": 1234, "sr": 0.07826185962187317}}