{"returned_dict": {"loss": 0.1160609810137764, "r2": 0.6511215069621398, "status": "ok", "start_time": 1730644933.9069614, "duration": 333.50154280662537}, "current_params": {"N": 200, "input_scaling": 1.0, "lr": 0.35065431611638165, "ridge": 0.052601180941567495, "seed": 1234, "sr": 1.4537003151373044e-06}}