{"returned_dict": {"loss": 0.11337290956608198, "r2": 0.6670871671113181, "status": "ok", "start_time": 1730669932.7703464, "duration": 398.9394166469574}, "current_params": {"N": 300, "input_scaling": 1.0, "lr": 0.49898736294512547, "ridge": 0.45392684631304064, "seed": 1234, "sr": 2.345947502148483e-06}}