{"returned_dict": {"loss": 0.11884913159099957, "r2": 0.6340938423704165, "status": "ok", "start_time": 1730679588.5767474, "duration": 397.2373688220978}, "current_params": {"N": 300, "input_scaling": 1.0, "lr": 0.15565915444812778, "ridge": 0.136156187573496, "seed": 1234, "sr": 4.894830452634251e-05}}