{"returned_dict": {"loss": 0.11512086297719443, "r2": 0.6567492526556118, "status": "ok", "start_time": 1730655685.4868147, "duration": 336.3078725337982}, "current_params": {"N": 200, "input_scaling": 1.0, "lr": 0.27036282441620346, "ridge": 0.113387393947229, "seed": 1234, "sr": 2.6144777499813327e-05}}