{"returned_dict": {"loss": 0.11472326768220381, "r2": 0.6590190260109245, "status": "ok", "start_time": 1730648281.7605338, "duration": 300.6015655994415}, "current_params": {"N": 50, "input_scaling": 1.0, "lr": 0.002569219109514612, "ridge": 6.525617536552703, "seed": 1234, "sr": 5.745128858394785e-05}}