{"returned_dict": {"loss": 0.11403814264188672, "r2": 0.6631732459086862, "status": "ok", "start_time": 1730639321.632944, "duration": 329.6644148826599}, "current_params": {"N": 200, "input_scaling": 1.0, "lr": 0.2824777807824228, "ridge": 0.2122028473663769, "seed": 1234, "sr": 1.4992471599618307}}