{"returned_dict": {"loss": 0.11324207589046824, "r2": 0.6678623659698091, "status": "ok", "start_time": 1730671386.69069, "duration": 377.7410614490509}, "current_params": {"N": 300, "input_scaling": 1.0, "lr": 0.9218534144690987, "ridge": 7.051460225015703, "seed": 1234, "sr": 0.18541548704386465}}