{"returned_dict": {"loss": 0.11542965746841607, "r2": 0.6548885046162134, "status": "ok", "start_time": 1730677786.2183561, "duration": 330.37674856185913}, "current_params": {"N": 200, "input_scaling": 1.0, "lr": 0.09414420070801906, "ridge": 0.8332382570557062, "seed": 1234, "sr": 0.000420420989611298}}