{"returned_dict": {"loss": 0.11610233705907261, "r2": 0.650870061773654, "status": "ok", "start_time": 1730640310.5006146, "duration": 322.1310052871704}, "current_params": {"N": 150, "input_scaling": 1.0, "lr": 0.8472268156639913, "ridge": 0.02614572528050172, "seed": 1234, "sr": 0.0013528983431333346}}