{"returned_dict": {"loss": 0.11236765210742805, "r2": 0.6729723668562916, "status": "ok", "start_time": 1730664565.3739798, "duration": 338.5438392162323}, "current_params": {"N": 50, "input_scaling": 1.0, "lr": 0.2219908972811537, "ridge": 0.2697754984994775, "seed": 1234, "sr": 0.25380835712360794}}