{"returned_dict": {"loss": 0.11304501270300703, "r2": 0.6690202609260818, "status": "ok", "start_time": 1730657343.2448804, "duration": 362.22705030441284}, "current_params": {"N": 300, "input_scaling": 1.0, "lr": 0.6954288762234998, "ridge": 5.3303204076496415, "seed": 1234, "sr": 4.1144392230361095}}