{"returned_dict": {"loss": 0.11683908742817968, "r2": 0.6464045766837065, "status": "ok", "start_time": 1730654346.7038603, "duration": 378.54640531539917}, "current_params": {"N": 300, "input_scaling": 1.0, "lr": 0.314305490263062, "ridge": 0.08594748289488212, "seed": 1234, "sr": 0.00017597778355738416}}