{"returned_dict": {"loss": 0.11558834905432151, "r2": 0.653942490354045, "status": "ok", "start_time": 1730651000.2971835, "duration": 338.81588077545166}, "current_params": {"N": 200, "input_scaling": 1.0, "lr": 0.10377622163746929, "ridge": 0.48443503604325805, "seed": 1234, "sr": 0.06759154426160166}}