{"returned_dict": {"loss": 0.11531320117597417, "r2": 0.6556027440441877, "status": "ok", "start_time": 1730642817.1760175, "duration": 361.00987553596497}, "current_params": {"N": 200, "input_scaling": 1.0, "lr": 0.3682245588875041, "ridge": 0.07459737814155425, "seed": 1234, "sr": 7.329248510899616e-06}}