{"returned_dict": {"loss": 0.11395469461002296, "r2": 0.6635935169054401, "status": "ok", "start_time": 1730636499.216761, "duration": 297.4093029499054}, "current_params": {"N": 150, "input_scaling": 1.0, "lr": 0.17543139583076803, "ridge": 0.29566961197557934, "seed": 1234, "sr": 2.818435128414101e-06}}