{"returned_dict": {"loss": 0.11458494771529877, "r2": 0.6599292378514987, "status": "ok", "start_time": 1730639034.8788695, "duration": 286.7265188694}, "current_params": {"N": 50, "input_scaling": 1.0, "lr": 0.004100650502354604, "ridge": 7.7559483386917725, "seed": 1234, "sr": 1.3388541344271463}}