{"returned_dict": {"loss": 0.11560726609549361, "r2": 0.6538286061040961, "status": "ok", "start_time": 1730655312.3499506, "duration": 373.1188642978668}, "current_params": {"N": 300, "input_scaling": 1.0, "lr": 0.23962511288825838, "ridge": 0.38561751346898093, "seed": 1234, "sr": 0.8162359627798351}}