{"returned_dict": {"loss": 0.11966805043553541, "r2": 0.6289951659407158, "status": "ok", "start_time": 1730642485.7666252, "duration": 331.35876989364624}, "current_params": {"N": 200, "input_scaling": 1.0, "lr": 0.034790822993190244, "ridge": 5.738587927551107, "seed": 1234, "sr": 0.0014106665145432263}}