{"returned_dict": {"loss": 0.11333225008372655, "r2": 0.6672960845440017, "status": "ok", "start_time": 1730677478.9963677, "duration": 307.1964809894562}, "current_params": {"N": 50, "input_scaling": 1.0, "lr": 0.023565820546423054, "ridge": 0.4745244432611847, "seed": 1234, "sr": 3.021654223074462}}