{"returned_dict": {"loss": 0.11455274052113253, "r2": 0.6600479763344603, "status": "ok", "start_time": 1730657042.4762454, "duration": 300.7250301837921}, "current_params": {"N": 50, "input_scaling": 1.0, "lr": 0.01146759760328504, "ridge": 3.6846970640045957, "seed": 1234, "sr": 0.34455040218671557}}