{"returned_dict": {"loss": 0.11280703935151637, "r2": 0.670393628395878, "status": "ok", "start_time": 1730669302.999228, "duration": 301.36489701271057}, "current_params": {"N": 50, "input_scaling": 1.0, "lr": 0.0789861315016965, "ridge": 4.345876840229227, "seed": 1234, "sr": 1.890153273065624e-05}}