{"returned_dict": {"loss": 0.11104588831916709, "r2": 0.6806225277078652, "status": "ok", "start_time": 1730645976.3461318, "duration": 292.149530172348}, "current_params": {"N": 50, "input_scaling": 1.0, "lr": 0.6571588388986349, "ridge": 1.0243845988173443, "seed": 1234, "sr": 3.650312480403175e-05}}