{"returned_dict": {"loss": 0.11342438542226274, "r2": 0.6667421339030268, "status": "ok", "start_time": 1730659436.7210176, "duration": 292.07180547714233}, "current_params": {"N": 50, "input_scaling": 1.0, "lr": 0.02207977188453779, "ridge": 0.36410625950394276, "seed": 1234, "sr": 4.113217970932868}}