{"returned_dict": {"loss": 0.11764680338810957, "r2": 0.6411178411949788, "status": "ok", "start_time": 1730652664.2189057, "duration": 360.1275815963745}, "current_params": {"N": 150, "input_scaling": 1.0, "lr": 0.048306005915739574, "ridge": 0.4654221480767549, "seed": 1234, "sr": 0.05536152908248212}}