{"returned_dict": {"loss": 0.11590785179885443, "r2": 0.6520153464744749, "status": "ok", "start_time": 1730677087.8165097, "duration": 391.15005588531494}, "current_params": {"N": 300, "input_scaling": 1.0, "lr": 0.2756809572318929, "ridge": 0.19209220810635252, "seed": 1234, "sr": 1.0928329241804546e-05}}