{"returned_dict": {"loss": 0.1161288915507086, "r2": 0.6507104504071133, "status": "ok", "start_time": 1730667240.7735727, "duration": 378.9280045032501}, "current_params": {"N": 300, "input_scaling": 1.0, "lr": 0.8908311505278819, "ridge": 0.03864877287289886, "seed": 1234, "sr": 0.0011845471145886099}}