{"returned_dict": {"loss": 0.1120334095106859, "r2": 0.6749118678357935, "status": "ok", "start_time": 1730647634.4744732, "duration": 292.35493516921997}, "current_params": {"N": 50, "input_scaling": 1.0, "lr": 0.18948823050344044, "ridge": 3.7221363251916597, "seed": 1234, "sr": 0.22256591184595861}}