{"returned_dict": {"loss": 0.1193943488064294, "r2": 0.6302398454265528, "status": "ok", "start_time": 1730660421.9771447, "duration": 332.6908414363861}, "current_params": {"N": 150, "input_scaling": 1.0, "lr": 0.034601111100789846, "ridge": 0.49132709729245844, "seed": 1234, "sr": 0.0007990615522810596}}