{"returned_dict": {"loss": 0.11912469398339118, "r2": 0.6323678538175912, "status": "ok", "start_time": 1730665959.6696656, "duration": 334.75838899612427}, "current_params": {"N": 200, "input_scaling": 1.0, "lr": 0.04017882290811124, "ridge": 8.544363773639354, "seed": 1234, "sr": 2.3564135601574868e-06}}