{"returned_dict": {"loss": 0.12287414036227483, "r2": 0.6068244564239229, "status": "ok", "start_time": 1730636796.6409369, "duration": 257.47098326683044}, "current_params": {"N": 50, "input_scaling": 1.0, "lr": 0.0014528929731718976, "ridge": 0.08758452084004614, "seed": 1234, "sr": 0.11563487246013888}}