{"returned_dict": {"loss": 0.12136034122068874, "r2": 0.6185365785702206, "status": "ok", "start_time": 1730664903.9700987, "duration": 311.62609457969666}, "current_params": {"N": 50, "input_scaling": 1.0, "lr": 0.22792506761886536, "ridge": 0.0003362576437531261, "seed": 1234, "sr": 0.0004008126433925097}}