{"returned_dict": {"loss": 0.12753684915545058, "r2": 0.5786075608863449, "status": "ok", "start_time": 1730635316.7282095, "duration": 287.50299739837646}, "current_params": {"N": 50, "input_scaling": 1.0, "lr": 0.05989081733494548, "ridge": 8.12744525670324e-07, "seed": 1234, "sr": 0.0006705693388380955}}