{"returned_dict": {"loss": 0.12587215773381139, "r2": 0.5895255897083734, "status": "ok", "start_time": 1730652350.2088318, "duration": 313.97835397720337}, "current_params": {"N": 50, "input_scaling": 1.0, "lr": 0.023226759313516834, "ridge": 6.120015943922367e-05, "seed": 1234, "sr": 0.1826132811633314}}