{"returned_dict": {"loss": 0.12746693028889222, "r2": 0.5765188853167003, "status": "ok", "start_time": 1730675298.9871416, "duration": 327.47350883483887}, "current_params": {"N": 150, "input_scaling": 1.0, "lr": 0.00398609258790173, "ridge": 1.78379939451213, "seed": 1234, "sr": 1.7085972102401134e-06}}