{"returned_dict": {"loss": 0.1254443362133137, "r2": 0.592417627514133, "status": "ok", "start_time": 1730673630.2233698, "duration": 333.91653323173523}, "current_params": {"N": 50, "input_scaling": 1.0, "lr": 0.15428159953435763, "ridge": 3.0269781187193436e-06, "seed": 1234, "sr": 0.17038130399237436}}