{"returned_dict": {"loss": 0.1253149798843813, "r2": 0.5924562912170663, "status": "ok", "start_time": 1730678116.6586468, "duration": 339.37117171287537}, "current_params": {"N": 150, "input_scaling": 1.0, "lr": 0.010754552393914138, "ridge": 3.1606523121969756, "seed": 1234, "sr": 5.119517507793977}}