{"returned_dict": {"loss": 0.1262137450583466, "r2": 0.5874064537434714, "status": "ok", "start_time": 1730668285.9355917, "duration": 361.1397294998169}, "current_params": {"N": 200, "input_scaling": 1.0, "lr": 0.09201940994765088, "ridge": 0.0018809049016049917, "seed": 1234, "sr": 1.755075922876143e-05}}