{"returned_dict": {"loss": 0.1280058492014663, "r2": 0.5748463085748607, "status": "ok", "start_time": 1730678456.087233, "duration": 377.51947927474976}, "current_params": {"N": 150, "input_scaling": 1.0, "lr": 0.02580145195828277, "ridge": 0.01854154647136275, "seed": 1234, "sr": 0.6583559354359967}}