{"returned_dict": {"loss": 0.12018840866642722, "r2": 0.6258485478703865, "status": "ok", "start_time": 1730634264.2852635, "duration": 381.48307752609253}, "current_params": {"N": 150, "input_scaling": 1.0, "lr": 0.448517999492524, "ridge": 0.003811281081263922, "seed": 1234, "sr": 0.4961212776775284}}