{"returned_dict": {"loss": 0.1282739007462131, "r2": 0.5734446290211073, "status": "ok", "start_time": 1730681483.7564006, "duration": 316.7019748687744}, "current_params": {"N": 50, "input_scaling": 1.0, "lr": 0.013663130602244231, "ridge": 3.234149215449787e-05, "seed": 1234, "sr": 0.44755778248577177}}