{"returned_dict": {"loss": 0.12141436078043577, "r2": 0.617943617081194, "status": "ok", "start_time": 1730638032.064317, "duration": 298.5116412639618}, "current_params": {"N": 150, "input_scaling": 1.0, "lr": 0.06719120770962762, "ridge": 0.03718402541903902, "seed": 1234, "sr": 9.596802698790539e-05}}