{"returned_dict": {"loss": 0.12391394285542912, "r2": 0.6023147833880926, "status": "ok", "start_time": 1730679985.8410945, "duration": 324.7675271034241}, "current_params": {"N": 50, "input_scaling": 1.0, "lr": 0.36345335286724, "ridge": 1.7604009373218533e-05, "seed": 1234, "sr": 1.1300197021334684}}