{"returned_dict": {"loss": 0.12283539583408071, "r2": 0.6091944206536477, "status": "ok", "start_time": 1730646268.5254512, "duration": 375.2134964466095}, "current_params": {"N": 300, "input_scaling": 1.0, "lr": 0.4166356911062449, "ridge": 0.0018992633491691036, "seed": 1234, "sr": 0.0005419008715256282}}