{"returned_dict": {"loss": 0.12982895767418307, "r2": 0.5630996725788908, "status": "ok", "start_time": 1730682511.1126773, "duration": 310.1303958892822}, "current_params": {"N": 50, "input_scaling": 1.0, "lr": 0.012213382575706437, "ridge": 1.3086980554600078e-06, "seed": 1234, "sr": 2.893663716098007e-06}}