{"returned_dict": {"loss": 0.12866269904046815, "r2": 0.5710252422068958, "status": "ok", "start_time": 1730669604.3841286, "duration": 328.3635880947113}, "current_params": {"N": 150, "input_scaling": 1.0, "lr": 0.10752060708924599, "ridge": 8.236803902433637e-05, "seed": 1234, "sr": 0.0031502885607870767}}