{"returned_dict": {"loss": 0.12729985977410554, "r2": 0.5782512830715412, "status": "ok", "start_time": 1730666633.7518015, "duration": 317.0402352809906}, "current_params": {"N": 150, "input_scaling": 1.0, "lr": 0.0077355403142878795, "ridge": 1.547370424695322, "seed": 1234, "sr": 9.9428779545477e-06}}