{"returned_dict": {"loss": 0.12399592079922135, "r2": 0.6017778613952126, "status": "ok", "start_time": 1730632335.384398, "duration": 584.9958765506744}, "current_params": {"N": 500, "input_scaling": 1.0, "lr": 0.448517999492524, "ridge": 0.003811281081263922, "seed": 1234, "sr": 0.4961212776775284}}