{"returned_dict": {"loss": 0.12005189081286642, "r2": 0.6266519350531943, "status": "ok", "start_time": 1730668647.09732, "duration": 313.1014714241028}, "current_params": {"N": 150, "input_scaling": 1.0, "lr": 0.21207672046475814, "ridge": 0.010045936234638158, "seed": 1234, "sr": 0.0012651643068307475}}