{"returned_dict": {"loss": 0.12339606895339757, "r2": 0.605631866796705, "status": "ok", "start_time": 1730650018.2336574, "duration": 327.81458854675293}, "current_params": {"N": 50, "input_scaling": 1.0, "lr": 0.5516837456874328, "ridge": 2.0345752143479703e-05, "seed": 1234, "sr": 0.001000967919005646}}