{"returned_dict": {"loss": 0.12336210276961695, "r2": 0.6056097490386017, "status": "ok", "start_time": 1730651339.1712124, "duration": 316.6572296619415}, "current_params": {"N": 150, "input_scaling": 1.0, "lr": 0.07729401267577381, "ridge": 0.012609997807416992, "seed": 1234, "sr": 0.0012453249118081547}}