{"returned_dict": {"loss": 0.12257029926156861, "r2": 0.610876300768652, "status": "ok", "start_time": 1730634645.8013449, "duration": 357.72181153297424}, "current_params": {"N": 300, "input_scaling": 1.0, "lr": 0.38264094967620665, "ridge": 0.0029801797509298408, "seed": 1234, "sr": 0.00012675044231170486}}