{"returned_dict": {"loss": 0.12824677158963022, "r2": 0.5734755730517138, "status": "ok", "start_time": 1730655026.5296543, "duration": 285.7830729484558}, "current_params": {"N": 50, "input_scaling": 1.0, "lr": 0.012600442759985371, "ridge": 0.00012099365820543194, "seed": 1234, "sr": 5.8626834625894775}}