{"returned_dict": {"loss": 0.12258943385119943, "r2": 0.6107605480704632, "status": "ok", "start_time": 1730661413.62936, "duration": 332.6428210735321}, "current_params": {"N": 150, "input_scaling": 1.0, "lr": 0.7699157917998888, "ridge": 0.00012633733498109098, "seed": 1234, "sr": 0.23209958050997093}}