{"returned_dict": {"loss": 0.12571958667900573, "r2": 0.5895984880679925, "status": "ok", "start_time": 1730640632.6464958, "duration": 302.82917642593384}, "current_params": {"N": 150, "input_scaling": 1.0, "lr": 0.050891035673396985, "ridge": 0.01672013458973412, "seed": 1234, "sr": 9.776677496674413}}