{"returned_dict": {"loss": 0.1274437520450196, "r2": 0.5779943063725965, "status": "ok", "start_time": 1730641241.265215, "duration": 314.076331615448}, "current_params": {"N": 150, "input_scaling": 1.0, "lr": 0.01313978174667569, "ridge": 0.3590627742747711, "seed": 1234, "sr": 0.0009233404270377002}}