{"returned_dict": {"loss": 0.12719404746913546, "r2": 0.580962556419087, "status": "ok", "start_time": 1730680310.6460397, "duration": 389.45322155952454}, "current_params": {"N": 300, "input_scaling": 1.0, "lr": 0.47006044054857693, "ridge": 3.099052127438196e-05, "seed": 1234, "sr": 1.0014745050834298e-05}}