{"returned_dict": {"loss": 0.12021534954055886, "r2": 0.6256036306974873, "status": "ok", "start_time": 1730643178.21747, "duration": 325.0529992580414}, "current_params": {"N": 150, "input_scaling": 1.0, "lr": 0.1386462414118372, "ridge": 0.011414685793490921, "seed": 1234, "sr": 1.9817858703706237}}