{"returned_dict": {"loss": 0.12288696707013322, "r2": 0.6088784583717055, "status": "ok", "start_time": 1730649680.3222003, "duration": 337.8854730129242}, "current_params": {"N": 200, "input_scaling": 1.0, "lr": 0.42979608081480786, "ridge": 0.00035801561636262033, "seed": 1234, "sr": 5.043331978984538e-06}}