{"returned_dict": {"loss": 0.12363992815525113, "r2": 0.6039535555193137, "status": "ok", "start_time": 1730659104.7871494, "duration": 331.8868398666382}, "current_params": {"N": 200, "input_scaling": 1.0, "lr": 0.026802233205999445, "ridge": 0.4328121777267138, "seed": 1234, "sr": 0.5312238396668935}}