{"returned_dict": {"loss": 0.12791638402855482, "r2": 0.5758660579570432, "status": "ok", "start_time": 1730680700.155003, "duration": 386.1445758342743}, "current_params": {"N": 300, "input_scaling": 1.0, "lr": 0.03687802163588743, "ridge": 1.239374902700722, "seed": 1234, "sr": 3.053872754517851e-05}}