{"returned_dict": {"loss": 0.1223597015549757, "r2": 0.6121614995407239, "status": "ok", "start_time": 1730650346.0788653, "duration": 327.7450592517853}, "current_params": {"N": 150, "input_scaling": 1.0, "lr": 0.2183850802283866, "ridge": 0.002186890452849724, "seed": 1234, "sr": 0.0014791230744112718}}