{"returned_dict": {"loss": 0.1257594103446678, "r2": 0.5902810834561719, "status": "ok", "start_time": 1730641877.9097714, "duration": 280.8040454387665}, "current_params": {"N": 50, "input_scaling": 1.0, "lr": 0.6156368875066841, "ridge": 2.8819873579506216e-06, "seed": 1234, "sr": 0.1540621893566272}}