{"returned_dict": {"loss": 0.1379031407864294, "r2": 0.5052672260050088, "status": "ok", "start_time": 1730674612.9481082, "duration": 337.9010694026947}, "current_params": {"N": 150, "input_scaling": 1.0, "lr": 0.007413342720100155, "ridge": 0.0558595334126059, "seed": 1234, "sr": 0.00017999652733769814}}