{"returned_dict": {"loss": 0.13777790837465337, "r2": 0.5082980674304183, "status": "ok", "start_time": 1730648582.3876767, "duration": 387.32044529914856}, "current_params": {"N": 300, "input_scaling": 1.0, "lr": 0.08451910338656304, "ridge": 1.5207664147288785e-05, "seed": 1234, "sr": 5.3320159006956246e-06}}