{"returned_dict": {"loss": 0.13125573835664706, "r2": 0.5530069647834928, "status": "ok", "start_time": 1730654725.2807753, "duration": 301.19192004203796}, "current_params": {"N": 150, "input_scaling": 1.0, "lr": 0.1676676651988696, "ridge": 5.207063222377482e-06, "seed": 1234, "sr": 0.00244608871807474}}