{"returned_dict": {"loss": 0.13489917425928274, "r2": 0.5273894522114305, "status": "ok", "start_time": 1730653024.365187, "duration": 281.2459785938263}, "current_params": {"N": 50, "input_scaling": 1.0, "lr": 0.0029999570595545273, "ridge": 4.176670303842695e-07, "seed": 1234, "sr": 0.0048889679316569635}}