{"returned_dict": {"loss": 0.133399058725624, "r2": 0.5387188568391643, "status": "ok", "start_time": 1730678833.6391046, "duration": 392.2646110057831}, "current_params": {"N": 300, "input_scaling": 1.0, "lr": 0.03942187518677715, "ridge": 0.04943905813240508, "seed": 1234, "sr": 1.9866299160046137e-05}}