{"returned_dict": {"loss": 0.13705195536464196, "r2": 0.5125633069942247, "status": "ok", "start_time": 1730658406.3440106, "duration": 316.1855161190033}, "current_params": {"N": 150, "input_scaling": 1.0, "lr": 0.015679192953865242, "ridge": 0.006127985339159655, "seed": 1234, "sr": 5.581465033561731}}