{"returned_dict": {"loss": 0.13791687752708148, "r2": 0.5069488249961576, "status": "ok", "start_time": 1730641555.3864417, "duration": 322.49349546432495}, "current_params": {"N": 200, "input_scaling": 1.0, "lr": 0.012042080474948267, "ridge": 0.024280747694569654, "seed": 1234, "sr": 0.22305769827409969}}