{"returned_dict": {"loss": 0.13041606186761948, "r2": 0.5591091418159025, "status": "ok", "start_time": 1730649304.9566214, "duration": 375.3484034538269}, "current_params": {"N": 200, "input_scaling": 1.0, "lr": 0.01935540965604909, "ridge": 0.20539100123311282, "seed": 1234, "sr": 1.4922529739624464}}