{"returned_dict": {"loss": 0.13558659883096527, "r2": 0.5234544681460948, "status": "ok", "start_time": 1730674950.8906047, "duration": 348.0435576438904}, "current_params": {"N": 150, "input_scaling": 1.0, "lr": 0.06289522081324316, "ridge": 6.612494852668891e-07, "seed": 1234, "sr": 4.687390833076249}}