{"returned_dict": {"loss": 0.13283183395340373, "r2": 0.5386206360553865, "status": "ok", "start_time": 1730650673.8607907, "duration": 326.41639041900635}, "current_params": {"N": 200, "input_scaling": 1.0, "lr": 0.4998199364339672, "ridge": 1.702262097296147e-05, "seed": 1234, "sr": 0.0004026283970685497}}