{"returned_dict": {"loss": 0.13978826293997954, "r2": 0.4871517140976467, "status": "ok", "start_time": 1730662808.2568474, "duration": 320.47162342071533}, "current_params": {"N": 200, "input_scaling": 1.0, "lr": 0.003573156992234659, "ridge": 0.4461279395383508, "seed": 1234, "sr": 2.9631913042271277e-06}}