{"returned_dict": {"loss": 0.139221198957012, "r2": 0.496579097552254, "status": "ok", "start_time": 1730637054.1262045, "duration": 298.5265452861786}, "current_params": {"N": 150, "input_scaling": 1.0, "lr": 0.02018337832903292, "ridge": 0.00021135596946478938, "seed": 1234, "sr": 0.0001884632816809721}}