{"returned_dict": {"loss": 0.132846821591702, "r2": 0.5418842557015433, "status": "ok", "start_time": 1730646988.6929872, "duration": 312.655161857605}, "current_params": {"N": 50, "input_scaling": 1.0, "lr": 0.0041878954202570285, "ridge": 6.422278673924403e-06, "seed": 1234, "sr": 0.02489242853207247}}