{"returned_dict": {"loss": 0.13605781127941857, "r2": 0.5193509763080458, "status": "ok", "start_time": 1730660108.2052557, "duration": 313.71878361701965}, "current_params": {"N": 150, "input_scaling": 1.0, "lr": 0.02143015081924661, "ridge": 0.0015895001649121603, "seed": 1234, "sr": 9.063674329317479e-06}}