{"returned_dict": {"loss": 0.13583548233928774, "r2": 0.5178746304794495, "status": "ok", "start_time": 1730639651.312877, "duration": 308.69524574279785}, "current_params": {"N": 50, "input_scaling": 1.0, "lr": 0.011273269250899024, "ridge": 8.467176157001323e-08, "seed": 1234, "sr": 0.00018821022745086575}}