{"returned_dict": {"loss": 0.13186731977168464, "r2": 0.5464924466587486, "status": "ok", "start_time": 1730682166.2791176, "duration": 344.80940079689026}, "current_params": {"N": 150, "input_scaling": 1.0, "lr": 0.005199088611116443, "ridge": 0.5439418091098682, "seed": 1234, "sr": 0.0006736664658848159}}