{"returned_dict": {"loss": 0.13673405160866198, "r2": 0.5071697087066126, "status": "ok", "start_time": 1730653305.627166, "duration": 333.4631292819977}, "current_params": {"N": 150, "input_scaling": 1.0, "lr": 0.004666278320192311, "ridge": 0.22595340236220718, "seed": 1234, "sr": 7.859994870739976}}