{"returned_dict": {"loss": 0.14713717219362843, "r2": 0.43746549269875346, "status": "ok", "start_time": 1730643503.2881408, "duration": 327.96057319641113}, "current_params": {"N": 200, "input_scaling": 1.0, "lr": 0.008316425906674767, "ridge": 0.007789930742805203, "seed": 1234, "sr": 1.0557615939013739e-05}}