{"returned_dict": {"loss": 0.1416028116522428, "r2": 0.4742164888515941, "status": "ok", "start_time": 1730643831.2794378, "duration": 371.8324601650238}, "current_params": {"N": 300, "input_scaling": 1.0, "lr": 0.5093800439838344, "ridge": 1.0070466332472285e-06, "seed": 1234, "sr": 2.563748525514963}}