{"returned_dict": {"loss": 0.14703200909630157, "r2": 0.4395652339318989, "status": "ok", "start_time": 1730645267.437941, "duration": 370.15382981300354}, "current_params": {"N": 300, "input_scaling": 1.0, "lr": 0.04203563441395582, "ridge": 5.362511013101405e-05, "seed": 1234, "sr": 0.9614001453587735}}