{"returned_dict": {"loss": 0.1473349752717739, "r2": 0.4321772913835402, "status": "ok", "start_time": 1730671764.4918864, "duration": 370.7442538738251}, "current_params": {"N": 200, "input_scaling": 1.0, "lr": 0.005250222770550053, "ridge": 0.024961279992214418, "seed": 1234, "sr": 0.4426505074133527}}