{"returned_dict": {"loss": 0.14169314104788946, "r2": 0.47911089238411697, "status": "ok", "start_time": 1730644575.7771325, "duration": 358.1220338344574}, "current_params": {"N": 300, "input_scaling": 1.0, "lr": 0.005473899359991359, "ridge": 9.66435146887032, "seed": 1234, "sr": 1.6124212616510767}}