{"returned_dict": {"loss": 0.14298198679226892, "r2": 0.4682448860836661, "status": "ok", "start_time": 1730648969.7502823, "duration": 335.1825222969055}, "current_params": {"N": 150, "input_scaling": 1.0, "lr": 0.008993216326780393, "ridge": 0.005947945544321436, "seed": 1234, "sr": 0.05064269685108577}}