{"returned_dict": {"loss": 0.14028481119137265, "r2": 0.4894504472745643, "status": "ok", "start_time": 1730660754.708594, "duration": 341.81077575683594}, "current_params": {"N": 150, "input_scaling": 1.0, "lr": 0.026162881037661297, "ridge": 1.573814423784059e-05, "seed": 1234, "sr": 0.35174551226759515}}