{"returned_dict": {"loss": 0.15856347327373543, "r2": 0.26475831590618976, "status": "ok", "start_time": 1730681800.5181687, "duration": 365.7075045108795}, "current_params": {"N": 200, "input_scaling": 1.0, "lr": 0.5744555263071301, "ridge": 6.607692459116698e-06, "seed": 1234, "sr": 0.2014689084981713}}