{"returned_dict": {"loss": 0.15708619644256888, "r2": 0.35763272808780017, "status": "ok", "start_time": 1730668960.2526093, "duration": 342.71508407592773}, "current_params": {"N": 150, "input_scaling": 1.0, "lr": 0.005647264982798819, "ridge": 0.00037722455512065523, "seed": 1234, "sr": 0.2679320630447222}}