{"returned_dict": {"loss": 0.15490928596568526, "r2": 0.37769213711787797, "status": "ok", "start_time": 1730675626.5093043, "duration": 374.0407569408417}, "current_params": {"N": 200, "input_scaling": 1.0, "lr": 0.019364061327381353, "ridge": 7.355900572383068e-07, "seed": 1234, "sr": 3.9696419426884777}}