{"returned_dict": {"loss": 0.15657622798194362, "r2": 0.3573176279573206, "status": "ok", "start_time": 1730670663.038855, "duration": 340.5777325630188}, "current_params": {"N": 200, "input_scaling": 1.0, "lr": 0.0037871077443508176, "ridge": 0.019704564992521805, "seed": 1234, "sr": 4.863344225272237e-06}}