{"returned_dict": {"loss": 0.15737458972837098, "r2": 0.27868596316896155, "status": "ok", "start_time": 1730679225.9620357, "duration": 362.58006048202515}, "current_params": {"N": 200, "input_scaling": 1.0, "lr": 0.7725304602957939, "ridge": 5.418437471604552e-06, "seed": 1234, "sr": 9.456333588660138e-06}}