{"returned_dict": {"loss": 0.15363096896855938, "r2": 0.3837307398712314, "status": "ok", "start_time": 1730668000.5740416, "duration": 285.34648990631104}, "current_params": {"N": 50, "input_scaling": 1.0, "lr": 0.0019431745080725833, "ridge": 3.8519055863968834e-05, "seed": 1234, "sr": 6.5166306043869024}}