{"returned_dict": {"loss": 0.16871797563503835, "r2": 0.2292791014468282, "status": "ok", "start_time": 1730638676.1631987, "duration": 358.7035114765167}, "current_params": {"N": 300, "input_scaling": 1.0, "lr": 0.0011253563603354569, "ridge": 1.4177012448628423, "seed": 1234, "sr": 4.238619797628449e-05}}