{"returned_dict": {"loss": 0.163227932915126, "r2": 0.30226125674094045, "status": "ok", "start_time": 1730674254.2765439, "duration": 358.6435315608978}, "current_params": {"N": 200, "input_scaling": 1.0, "lr": 0.01122030491707982, "ridge": 2.955136398465775e-06, "seed": 1234, "sr": 7.073024735734366e-05}}