{"returned_dict": {"loss": 0.16955141897966677, "r2": 0.25384277380306836, "status": "ok", "start_time": 1730661746.3086715, "duration": 364.32924008369446}, "current_params": {"N": 300, "input_scaling": 1.0, "lr": 0.010820249488204384, "ridge": 0.003734574168411947, "seed": 1234, "sr": 0.0010776101398479458}}