{"returned_dict": {"loss": 0.16849337190584734, "r2": 0.21063665900507425, "status": "ok", "start_time": 1730644203.1300013, "duration": 372.5971612930298}, "current_params": {"N": 300, "input_scaling": 1.0, "lr": 0.06703300913405119, "ridge": 1.231979400036427e-06, "seed": 1234, "sr": 0.5017814250212617}}