{"returned_dict": {"loss": 0.17824104576737235, "r2": 0.1770898485630607, "status": "ok", "start_time": 1730630742.820625, "duration": 166.37951946258545}, "current_params": {"N": 500, "input_scaling": 1.0, "lr": 0.448517999492524, "ridge": 0.003811281081263922, "seed": 1234, "sr": 0.4961212776775284}}