{"returned_dict": {"loss": 0.17889099148698429, "r2": 0.1701531312476563, "status": "ok", "start_time": 1730629899.0978749, "duration": 332.9106779098511}, "current_params": {"N": 500, "input_scaling": 1.0, "lr": 0.38264094967620665, "ridge": 0.0029801797509298408, "seed": 1234, "sr": 0.00012675044231170486}}