{"returned_dict": {"loss": 0.17470682930297404, "r2": 0.04377665081639645, "status": "ok", "start_time": 1730673286.15228, "duration": 344.05007815361023}, "current_params": {"N": 200, "input_scaling": 1.0, "lr": 0.20878183455914584, "ridge": 2.829598182222919e-06, "seed": 1234, "sr": 1.1591437668058885e-05}}