{"returned_dict": {"loss": 0.17981103778573926, "r2": 0.14317661194247547, "status": "ok", "start_time": 1730635604.2478168, "duration": 300.4996500015259}, "current_params": {"N": 150, "input_scaling": 1.0, "lr": 0.0072789537441323385, "ridge": 7.409720239057766e-08, "seed": 1234, "sr": 0.0033137999162425277}}