{"returned_dict": {"loss": 0.1712078228431926, "r2": 0.237443927561685, "status": "ok", "start_time": 1730647301.366417, "duration": 333.06105971336365}, "current_params": {"N": 150, "input_scaling": 1.0, "lr": 0.006866394122619609, "ridge": 1.6151578489848767e-07, "seed": 1234, "sr": 0.3096142838924935}}