{"returned_dict": {"loss": 0.17823151420429273, "r2": 0.17716051754177461, "status": "ok", "start_time": 1730630909.2043118, "duration": 165.63595056533813}, "current_params": {"N": 500, "input_scaling": 1.0, "lr": 0.38264094967620665, "ridge": 0.0029801797509298408, "seed": 1234, "sr": 0.00012675044231170486}}