{"returned_dict": {"loss": 0.1741364151104552, "r2": 0.029626382786898886, "status": "ok", "start_time": 1730654023.3308048, "duration": 323.33254075050354}, "current_params": {"N": 150, "input_scaling": 1.0, "lr": 0.8156304946175555, "ridge": 1.2558057317044818e-06, "seed": 1234, "sr": 0.05069673885112943}}