{"returned_dict": {"loss": 0.17895064784665254, "r2": 0.16997906115777975, "status": "ok", "start_time": 1730629569.5617135, "duration": 329.53416299819946}, "current_params": {"N": 500, "input_scaling": 1.0, "lr": 0.448517999492524, "ridge": 0.003811281081263922, "seed": 1234, "sr": 0.4961212776775284}}