{"returned_dict": {"loss": 0.18662774338708457, "r2": 0.09655814598037984, "status": "ok", "start_time": 1730672515.8335793, "duration": 380.1884641647339}, "current_params": {"N": 300, "input_scaling": 1.0, "lr": 0.011152501138346385, "ridge": 2.614710655947676e-05, "seed": 1234, "sr": 0.10240612827248925}}