{"returned_dict": {"loss": 0.1918835319077718, "r2": -0.07328378599212357, "status": "ok", "start_time": 1730672135.2851672, "duration": 380.48853874206543}, "current_params": {"N": 300, "input_scaling": 1.0, "lr": 0.08352474609695261, "ridge": 2.465036519259936e-07, "seed": 1234, "sr": 0.0005737840832384861}}