{"returned_dict": {"loss": 0.2057721276155709, "r2": -0.10555776183168566, "status": "ok", "start_time": 1730670331.7635033, "duration": 331.24431681632996}, "current_params": {"N": 150, "input_scaling": 1.0, "lr": 0.0025679857977144393, "ridge": 4.522895837086545e-07, "seed": 1234, "sr": 2.663436569859082e-06}}