{"returned_dict": {"loss": 0.20933454710345603, "r2": -0.1370497605199757, "status": "ok", "start_time": 1730672896.0713198, "duration": 390.0282874107361}, "current_params": {"N": 300, "input_scaling": 1.0, "lr": 0.00921134174257873, "ridge": 2.559869223316941e-06, "seed": 1234, "sr": 0.5829657875615398}}