{"returned_dict": {"loss": 0.20391855027202035, "r2": -0.5238661002038051, "status": "ok", "start_time": 1730661096.54863, "duration": 317.04345417022705}, "current_params": {"N": 50, "input_scaling": 1.0, "lr": 0.16859893208998253, "ridge": 1.0295536490689918e-07, "seed": 1234, "sr": 0.3339974844168795}}