{"returned_dict": {"loss": 0.20116866701350108, "r2": -0.07723419143341548, "status": "ok", "start_time": 1730639960.0448415, "duration": 350.4163794517517}, "current_params": {"N": 300, "input_scaling": 1.0, "lr": 0.002422315386294973, "ridge": 0.4453426996901072, "seed": 1234, "sr": 5.2058882606893084e-05}}