{"returned_dict": {"loss": 0.21107774139296737, "r2": -0.4965457524084387, "status": "ok", "start_time": 1730656351.2902942, "duration": 328.1323459148407}, "current_params": {"N": 150, "input_scaling": 1.0, "lr": 0.029602141041308122, "ridge": 7.116314096669409e-07, "seed": 1234, "sr": 1.1775975159925518}}