{"returned_dict": {"loss": 0.2148821387719061, "r2": -0.812559759175394, "status": "ok", "start_time": 1730642158.7390058, "duration": 327.0198104381561}, "current_params": {"N": 200, "input_scaling": 1.0, "lr": 0.9349616902731771, "ridge": 3.082707958589257e-07, "seed": 1234, "sr": 0.36599676436640677}}