{"returned_dict": {"loss": 0.22692342153274553, "r2": -0.5958359818570383, "status": "ok", "start_time": 1730637352.6629136, "duration": 335.1060185432434}, "current_params": {"N": 150, "input_scaling": 1.0, "lr": 0.0063822566002939346, "ridge": 2.3514904339337348e-08, "seed": 1234, "sr": 1.7495407038707862e-06}}