{"returned_dict": {"loss": 0.22996441793414202, "r2": -0.3711634017512315, "status": "ok", "start_time": 1730658722.5540094, "duration": 382.1944568157196}, "current_params": {"N": 300, "input_scaling": 1.0, "lr": 0.003493503890213215, "ridge": 9.192339199444349e-05, "seed": 1234, "sr": 2.103618030360648}}