{"returned_dict": {"loss": 0.22801834116242686, "r2": -0.5727694134163309, "status": "ok", "start_time": 1730663128.7470639, "duration": 370.6770317554474}, "current_params": {"N": 300, "input_scaling": 1.0, "lr": 0.024081733532461607, "ridge": 2.9750116316575886e-08, "seed": 1234, "sr": 0.408674465835727}}