{"returned_dict": {"loss": 0.23687258716027326, "r2": -0.461478525755601, "status": "ok", "start_time": 1730676000.5986001, "duration": 385.46199679374695}, "current_params": {"N": 300, "input_scaling": 1.0, "lr": 0.005362066549925435, "ridge": 1.6949288010655951e-06, "seed": 1234, "sr": 0.16127508128135198}}