{"returned_dict": {"loss": 0.2313828244181441, "r2": -0.9521916949467029, "status": "ok", "start_time": 1730635904.7780466, "duration": 320.16721653938293}, "current_params": {"N": 200, "input_scaling": 1.0, "lr": 0.021175330384294096, "ridge": 2.813306033170741e-07, "seed": 1234, "sr": 0.19190731174947032}}