{"returned_dict": {"loss": 0.24852905879902265, "r2": -0.7703263018319719, "status": "ok", "start_time": 1730663843.8002853, "duration": 341.8080623149872}, "current_params": {"N": 200, "input_scaling": 1.0, "lr": 0.0033668417829176823, "ridge": 5.633851029030429e-08, "seed": 1234, "sr": 0.00024654140648903126}}