{"returned_dict": {"loss": 0.24585565237007156, "r2": -0.6731131545746243, "status": "ok", "start_time": 1730665579.4306262, "duration": 380.22327280044556}, "current_params": {"N": 300, "input_scaling": 1.0, "lr": 0.0016930941327325617, "ridge": 0.32561848899445334, "seed": 1234, "sr": 0.0013838474172369291}}