{"returned_dict": {"loss": 0.24515617083377464, "r2": -1.5939855977328776, "status": "ok", "start_time": 1730640935.507189, "duration": 305.7256724834442}, "current_params": {"N": 150, "input_scaling": 1.0, "lr": 0.14684610291088662, "ridge": 2.3362749894459877e-07, "seed": 1234, "sr": 0.05790175360439359}}