{"returned_dict": {"loss": 0.24667320962818665, "r2": -0.5978228025212209, "status": "ok", "start_time": 1730666294.447247, "duration": 339.2770326137543}, "current_params": {"N": 200, "input_scaling": 1.0, "lr": 0.0022976484367460367, "ridge": 1.0954029853427214e-07, "seed": 1234, "sr": 0.06639760327480619}}