{"returned_dict": {"loss": 0.26305838085795336, "r2": -1.6537147967781605, "status": "ok", "start_time": 1730662110.6709874, "duration": 361.37269949913025}, "current_params": {"N": 200, "input_scaling": 1.0, "lr": 0.009807938072620977, "ridge": 1.0653682617694595e-07, "seed": 1234, "sr": 4.307204059519e-05}}