{"returned_dict": {"loss": 0.26506168933951374, "r2": -2.309891417119711, "status": "ok", "start_time": 1730663499.4586844, "duration": 344.3210873603821}, "current_params": {"N": 200, "input_scaling": 1.0, "lr": 0.6751854428024655, "ridge": 1.8829846044822546e-08, "seed": 1234, "sr": 4.305478225422205e-05}}