{"returned_dict": {"loss": 0.2665824746505363, "r2": -2.291237805177155, "status": "ok", "start_time": 1730673964.1652887, "duration": 290.0531177520752}, "current_params": {"N": 50, "input_scaling": 1.0, "lr": 0.03709140133925175, "ridge": 3.455806038333613e-08, "seed": 1234, "sr": 0.1525700823692753}}