{"returned_dict": {"loss": 0.26862796799858263, "r2": -0.9247995193180222, "status": "ok", "start_time": 1730645637.6077683, "duration": 338.7120666503906}, "current_params": {"N": 200, "input_scaling": 1.0, "lr": 0.0017068361591199817, "ridge": 9.924708579882199e-05, "seed": 1234, "sr": 0.02630298841541365}}