{"returned_dict": {"loss": 0.2811396314585316, "r2": -1.3688087397296527, "status": "ok", "start_time": 1730658060.516954, "duration": 345.76756405830383}, "current_params": {"N": 150, "input_scaling": 1.0, "lr": 0.0013818551895319936, "ridge": 8.619981509014375e-06, "seed": 1234, "sr": 0.012471898514749818}}