{"returned_dict": {"loss": 0.2880650956731528, "r2": -3.057314307061001, "status": "ok", "start_time": 1730646643.7560663, "duration": 344.88450050354004}, "current_params": {"N": 200, "input_scaling": 1.0, "lr": 0.1298405957476471, "ridge": 1.7874967988496222e-07, "seed": 1234, "sr": 0.0030309618097421613}}