{"returned_dict": {"loss": 0.2804982111572627, "r2": -1.0781515691862489, "status": "ok", "start_time": 1730676748.7096503, "duration": 339.0829818248749}, "current_params": {"N": 200, "input_scaling": 1.0, "lr": 0.0017394860367737678, "ridge": 1.492133056724969e-07, "seed": 1234, "sr": 4.313911203003494e-05}}