{"returned_dict": {"loss": 0.2916969635506718, "r2": -1.243461450526073, "status": "ok", "start_time": 1730637687.793329, "duration": 344.25467348098755}, "current_params": {"N": 300, "input_scaling": 1.0, "lr": 0.0020629649586181636, "ridge": 0.002974208867951716, "seed": 1234, "sr": 0.2935045482709449}}