{"returned_dict": {"loss": 0.29434800405067885, "r2": -1.4219891896770513, "status": "ok", "start_time": 1730659728.82956, "duration": 379.35746359825134}, "current_params": {"N": 300, "input_scaling": 1.0, "lr": 0.0015415307981808321, "ridge": 0.16361621177919547, "seed": 1234, "sr": 1.1987732024832374e-06}}