{"returned_dict": {"loss": 0.2930442991299142, "r2": -1.2891126231438395, "status": "ok", "start_time": 1730647926.8877697, "duration": 354.83456325531006}, "current_params": {"N": 200, "input_scaling": 1.0, "lr": 0.0016156588507471406, "ridge": 9.575356470180166e-07, "seed": 1234, "sr": 1.3733707935574808e-05}}