{"returned_dict": {"loss": 0.30508914140256427, "r2": -3.241416780457307, "status": "ok", "start_time": 1730656679.442049, "duration": 363.00987672805786}, "current_params": {"N": 300, "input_scaling": 1.0, "lr": 0.20792063760808677, "ridge": 3.148757026966212e-08, "seed": 1234, "sr": 0.7648088844162871}}