{"returned_dict": {"loss": 0.3002540650344101, "r2": -3.4420438216042726, "status": "ok", "start_time": 1730635003.5771482, "duration": 313.1355617046356}, "current_params": {"N": 200, "input_scaling": 1.0, "lr": 0.07128243944571559, "ridge": 4.602027706977151e-08, "seed": 1234, "sr": 1.0684138543999477e-05}}