{"returned_dict": {"loss": 0.3128682621225459, "r2": -4.208349673789409, "status": "ok", "start_time": 1730676386.0800087, "duration": 362.59030532836914}, "current_params": {"N": 200, "input_scaling": 1.0, "lr": 0.3594469868947467, "ridge": 7.586882381131894e-07, "seed": 1234, "sr": 0.04151668900049382}}