{"returned_dict": {"loss": 0.3368446669336714, "r2": -2.114640622367221, "status": "ok", "start_time": 1730638330.5900354, "duration": 345.5430796146393}, "current_params": {"N": 300, "input_scaling": 1.0, "lr": 0.0018473770505347527, "ridge": 0.00016008000622580177, "seed": 1234, "sr": 2.9645615158377272e-06}}