{"returned_dict": {"loss": 0.3330068594345138, "r2": -1.9490953527888975, "status": "ok", "start_time": 1730656021.8511984, "duration": 329.41683530807495}, "current_params": {"N": 200, "input_scaling": 1.0, "lr": 0.001117795359631473, "ridge": 9.937031482876333e-05, "seed": 1234, "sr": 1.150452024819346e-06}}