{"returned_dict": {"loss": 0.3392896609971193, "r2": -2.090545735648164, "status": "ok", "start_time": 1730657705.4997985, "duration": 355.00064730644226}, "current_params": {"N": 200, "input_scaling": 1.0, "lr": 0.0012469785034749062, "ridge": 2.8594318609337184e-06, "seed": 1234, "sr": 0.0004342765789148756}}