{"returned_dict": {"loss": 0.3648027033047092, "r2": -3.485539500699248, "status": "ok", "start_time": 1730662472.0984976, "duration": 336.09597516059875}, "current_params": {"N": 150, "input_scaling": 1.0, "lr": 0.001009158010588956, "ridge": 5.679959432206484e-05, "seed": 1234, "sr": 0.00010426843104446774}}