{"returned_dict": {"loss": 0.36975248311117737, "r2": -6.153554360869755, "status": "ok", "start_time": 1730665215.6432798, "duration": 363.76525616645813}, "current_params": {"N": 200, "input_scaling": 1.0, "lr": 0.012836594720886337, "ridge": 1.621159610811328e-08, "seed": 1234, "sr": 0.025954160454238453}}