{"returned_dict": {"loss": 0.3603515192188746, "r2": -6.597074244625532, "status": "ok", "start_time": 1730664185.663551, "duration": 379.6924252510071}, "current_params": {"N": 200, "input_scaling": 1.0, "lr": 0.5494681828865381, "ridge": 2.4482677960880615e-08, "seed": 1234, "sr": 2.2604218851090556e-06}}