{"returned_dict": {"loss": 0.3752512989405502, "r2": -7.227161535214163, "status": "ok", "start_time": 1730651655.8467524, "duration": 325.9759147167206}, "current_params": {"N": 150, "input_scaling": 1.0, "lr": 0.08645762464145056, "ridge": 3.1725378361408335e-08, "seed": 1234, "sr": 2.175591081072702e-06}}