{"returned_dict": {"loss": 0.38359383004098313, "r2": -3.3845126812322412, "status": "ok", "start_time": 1730631074.843264, "duration": 161.12176752090454}, "current_params": {"N": 500, "input_scaling": 1.0, "lr": 0.07128243944571559, "ridge": 4.602027706977151e-08, "seed": 1234, "sr": 1.0684138543999477e-05}}