{"returned_dict": {"loss": 0.4253153276207789, "r2": -3.7297368293297684, "status": "ok", "start_time": 1730681086.3311903, "duration": 397.40473341941833}, "current_params": {"N": 300, "input_scaling": 1.0, "lr": 0.0013530394390112253, "ridge": 0.007656876138846626, "seed": 1234, "sr": 0.07203061327216091}}