{"returned_dict": {"loss": 0.4445777717599602, "r2": -4.672239313769514, "status": "ok", "start_time": 1730651981.877958, "duration": 368.27437114715576}, "current_params": {"N": 300, "input_scaling": 1.0, "lr": 0.001490692182461561, "ridge": 0.000637621654146611, "seed": 1234, "sr": 3.4299533629153858e-06}}