{"returned_dict": {"loss": 0.4549990415158911, "r2": -7.988843954597487, "status": "ok", "start_time": 1730630232.0085528, "duration": 327.5758376121521}, "current_params": {"N": 500, "input_scaling": 1.0, "lr": 0.07128243944571559, "ridge": 4.602027706977151e-08, "seed": 1234, "sr": 1.0684138543999477e-05}}