{"returned_dict": {"loss": 0.5314888700498815, "r2": -7.951657562618809, "status": "ok", "start_time": 1730653639.128435, "duration": 384.1418125629425}, "current_params": {"N": 300, "input_scaling": 1.0, "lr": 0.0012105913148246156, "ridge": 8.540876073080208e-06, "seed": 1234, "sr": 0.00012669195398715892}}