{"returned_dict": {"loss": 0.6869386026701957, "r2": -15.013311880956056, "status": "ok", "start_time": 1730671003.6425865, "duration": 383.0268738269806}, "current_params": {"N": 300, "input_scaling": 1.0, "lr": 0.001055234755253992, "ridge": 7.212853567407662e-07, "seed": 1234, "sr": 3.9285493540070857}}