{"returned_dict": {"loss": 0.7173756440753298, "r2": -17.239242032483713, "status": "ok", "start_time": 1730667619.756188, "duration": 380.76737356185913}, "current_params": {"N": 300, "input_scaling": 1.0, "lr": 0.0010387024872592213, "ridge": 2.456055249775962e-05, "seed": 1234, "sr": 0.05336778124023499}}