{"returned_dict": {"loss": 1.3082819358720565, "r2": -151.86257030931586, "status": "ok", "start_time": 1730666950.8581247, "duration": 289.8984444141388}, "current_params": {"N": 50, "input_scaling": 1.0, "lr": 0.5068843153791185, "ridge": 2.051369266937305e-08, "seed": 1234, "sr": 0.07895454693979642}}